video_duration,video_mention_list,view_count,hashtag_info_list,music_id,username,video_description,create_time,region_code,hashtag_names,id,is_stem_verified,like_count,share_count,video_label,comment_count
89,[],7205645,"[{'hashtag_description': '', 'hashtag_id': 123942, 'hashtag_name': 'olivegarden'}, {'hashtag_description': 'Asla bir sonraki hamleni bilmelerine izin verme! üëÄ', 'hashtag_id': 1652484531221509, 'hashtag_name': 'xyzbca'}, {'hashtag_description': ""Whether it's desktop, table top, or old school, what are you playing for #FamilyGameNight?"", 'hashtag_id': 287421, 'hashtag_name': 'FamilyGameNight'}, {'hashtag_description': '', 'hashtag_id': 17481553, 'hashtag_name': 'olivegardenbreadsticks'}, {'hashtag_description': 'Who doesn‚Äôt love a good pasta recipe?üçù Share your all-time favorite pasta recipe with us!', 'hashtag_id': 20431, 'hashtag_name': 'Pasta'}, {'hashtag_description': 'Test your reflexes using #ReflexChallenge', 'hashtag_id': 12731079, 'hashtag_name': 'ReflexChallenge'}, {'hashtag_description': '', 'hashtag_id': 5541287, 'hashtag_name': 'fettuccine'}, {'hashtag_description': '', 'hashtag_id': 2556710, 'hashtag_name': 'familygames'}]",7465150121504705322,izzyandmarysdad,Grab the Olive Garden #olivegarden #olivegardenbreadsticks #fettuccine #pasta #familygames #familygamenight #reflexchallenge #xyzbca ,1738115731,US,"['pasta', 'olivegarden', 'familygamenight', 'familygames', 'fettuccine', 'reflexchallenge', 'olivegardenbreadsticks', 'xyzbca']",7465150084330638638,False,637910,58031,"{'content': '', 'sink': False, 'type': 0, 'vote': False, 'warn': False}",9790
108,[],2030037,"[{'hashtag_description': '', 'hashtag_id': 694209, 'hashtag_name': 'crumble'}, {'hashtag_id': 2556710, 'hashtag_name': 'familygames', 'hashtag_description': ''}, {'hashtag_description': '', 'hashtag_id': 1653412736454661, 'hashtag_name': 'zxycba'}, {'hashtag_description': '', 'hashtag_id': 1626226436860933, 'hashtag_name': 'crumbl'}, {'hashtag_description': '', 'hashtag_id': 7140422876850552875, 'hashtag_name': 'crumbcookiesoftheweek'}, {'hashtag_description': '', 'hashtag_id': 1615694772357125, 'hashtag_name': 'crumblecookie'}]",7464788876394007338,izzyandmarysdad,Run for the Crumbl Cookie #crumbl #crumbcookiesoftheweek #crumblecookie #crumble #familygames #zxycba,1738031614,US,"['crumble', 'familygames', 'crumblecookie', 'crumbl', 'zxycba', 'crumbcookiesoftheweek']",7464788806470733098,False,92058,9794,"{'content': 'Participating in this activity could result in you or others getting hurt.', 'sink': False, 'type': 1, 'vote': False, 'warn': True}",3206
91,[],2871122,"[{'hashtag_description': '', 'hashtag_id': 29762, 'hashtag_name': 'mcdonalds'}, {'hashtag_description': '', 'hashtag_id': 43454, 'hashtag_name': 'burgerking'}, {'hashtag_id': 1652484531221509, 'hashtag_name': 'xyzbca', 'hashtag_description': 'Asla bir sonraki hamleni bilmelerine izin verme! üëÄ'}, {'hashtag_name': 'theburgerden', 'hashtag_description': '', 'hashtag_id': 1692823538267142}, {'hashtag_id': 287421, 'hashtag_name': 'FamilyGameNight', 'hashtag_description': ""Whether it's desktop, table top, or old school, what are you playing for #FamilyGameNight?""}, {'hashtag_description': 'What does the perfect burger look like to you?üçî Share your favorite burger recipes from chicken, beef, shrimp, fish, vegeterian burgers &amp; more!', 'hashtag_id': 21386, 'hashtag_name': 'burger'}, {'hashtag_description': '', 'hashtag_id': 45125, 'hashtag_name': 'burgers'}, {'hashtag_id': 43382, 'hashtag_name': 'wendys', 'hashtag_description': ''}, {'hashtag_description': '', 'hashtag_id': 50697, 'hashtag_name': 'jackinthebox'}, {'hashtag_name': 'mooyah', 'hashtag_description': '', 'hashtag_id': 829467}, {'hashtag_description': '', 'hashtag_id': 2556710, 'hashtag_name': 'familygames'}]",7464462126255983406,izzyandmarysdad,Grab the burger #burger #burgers #mcdonalds #burgerking #wendys #jackinthebox #theburgerden #mooyah #familygames #familygamenight #xyzbca ,1737954336,US,"['burger', 'mcdonalds', 'wendys', 'burgerking', 'burgers', 'jackinthebox', 'familygamenight', 'mooyah', 'familygames', 'xyzbca', 'theburgerden']",7464456841091648814,False,120084,13519,"{'content': '', 'sink': False, 'type': 0, 'vote': False, 'warn': False}",3194
133,[],2644349,"[{'hashtag_description': '', 'hashtag_id': 86608, 'hashtag_name': 'chickfila'}, {'hashtag_description': '', 'hashtag_id': 1647876121535493, 'hashtag_name': 'chickfilahacks'}, {'hashtag_description': '', 'hashtag_id': 36471018, 'hashtag_name': 'chickfilasauce'}, {'hashtag_description': '', 'hashtag_id': 2556710, 'hashtag_name': 'familygames'}, {'hashtag_description': ""Whether it's desktop, table top, or old school, what are you playing for #FamilyGameNight?"", 'hashtag_id': 287421, 'hashtag_name': 'FamilyGameNight'}, {'hashtag_id': 1652484531221509, 'hashtag_name': 'xyzbca', 'hashtag_description': 'Asla bir sonraki hamleni bilmelerine izin verme! üëÄ'}]",7464035002196527918,izzyandmarysdad,Grab the Chick-Fil-A #chickfila #chickfilahacks #chickfilasauce #familygames #familygamenight #xyzbca ,1737856075,US,"['chickfila', 'familygamenight', 'familygames', 'chickfilasauce', 'chickfilahacks', 'xyzbca']",7464034864434662702,False,187264,22683,"{'content': '', 'sink': False, 'type': 0, 'vote': False, 'warn': False}",4476
62,[],4371138,"[{'hashtag_name': 'chickenwing', 'hashtag_description': '', 'hashtag_id': 47867}, {'hashtag_description': '', 'hashtag_id': 2556710, 'hashtag_name': 'familygames'}, {'hashtag_description': ""Whether it's desktop, table top, or old school, what are you playing for #FamilyGameNight?"", 'hashtag_id': 287421, 'hashtag_name': 'FamilyGameNight'}, {'hashtag_description': 'Asla bir sonraki hamleni bilmelerine izin verme! üëÄ', 'hashtag_id': 1652484531221509, 'hashtag_name': 'xyzbca'}, {'hashtag_name': 'chickenwings', 'hashtag_description': '', 'hashtag_id': 45455}, {'hashtag_description': '', 'hashtag_id': 3979591, 'hashtag_name': 'firewings'}]",7463699553334823726,izzyandmarysdad,Grab the Fire Wings #chickenwings #firewings #chickenwing #familygames #familygamenight #xyzbca ,1737777985,US,"['chickenwings', 'chickenwing', 'familygamenight', 'familygames', 'firewings', 'xyzbca']",7463699433146961194,False,254502,12169,"{'content': '', 'sink': False, 'type': 0, 'vote': False, 'warn': False}",2729
80,[],25107873,"[{'hashtag_id': 6463, 'hashtag_name': 'fries', 'hashtag_description': ''}, {'hashtag_id': 29762, 'hashtag_name': 'mcdonalds', 'hashtag_description': ''}, {'hashtag_description': ""Whether it's desktop, table top, or old school, what are you playing for #FamilyGameNight?"", 'hashtag_id': 287421, 'hashtag_name': 'FamilyGameNight'}, {'hashtag_description': 'Asla bir sonraki hamleni bilmelerine izin verme! üëÄ', 'hashtag_id': 1652484531221509, 'hashtag_name': 'xyzbca'}, {'hashtag_description': '', 'hashtag_id': 2556710, 'hashtag_name': 'familygames'}, {'hashtag_description': '', 'hashtag_id': 77031, 'hashtag_name': 'mcnuggets'}, {'hashtag_description': '', 'hashtag_id': 7064396541670195205, 'hashtag_name': 'grimaceshake'}, {'hashtag_id': 88128940, 'hashtag_name': 'macdonaldslover', 'hashtag_description': ''}]",7463324880792996650,izzyandmarysdad,Grab the McDonald‚Äôs #mcdonalds #mcnuggets #grimaceshake #macdonaldslover #fries #xyzbca #familygames #familygamenight ,1737690752,US,"['fries', 'mcdonalds', 'mcnuggets', 'familygamenight', 'familygames', 'macdonaldslover', 'xyzbca', 'grimaceshake']",7463324793996086574,False,1638290,280367,"{'sink': False, 'type': 0, 'vote': False, 'warn': False, 'content': ''}",52409
135,[],2678524,"[{'hashtag_id': 72906, 'hashtag_name': 'veggies', 'hashtag_description': ''}, {'hashtag_description': 'You want a pizza this? üçï', 'hashtag_id': 7090, 'hashtag_name': 'Pizza'}, {'hashtag_description': '', 'hashtag_id': 9189, 'hashtag_name': 'candy'}, {'hashtag_description': 'Test your reflexes using #ReflexChallenge', 'hashtag_id': 12731079, 'hashtag_name': 'ReflexChallenge'}, {'hashtag_description': '', 'hashtag_id': 2556710, 'hashtag_name': 'familygames'}, {'hashtag_description': ""Whether it's desktop, table top, or old school, what are you playing for #FamilyGameNight?"", 'hashtag_id': 287421, 'hashtag_name': 'FamilyGameNight'}, {'hashtag_description': '', 'hashtag_id': 7869857, 'hashtag_name': 'foodchallege'}, {'hashtag_description': '', 'hashtag_id': 26736, 'hashtag_name': 'dunkindonuts'}, {'hashtag_description': '', 'hashtag_id': 66239, 'hashtag_name': 'dunkin'}, {'hashtag_description': '', 'hashtag_id': 1668672518185990, 'hashtag_name': 'grabthecandy'}]",7462965915873839918,izzyandmarysdad,Grab the Dunkin Donuts #dunkin #dunkindonuts #grabthecandy #familygames #veggies #candy #pizza #familygames #familygamenight #reflexchallenge #foodchallege,1737607188,US,"['pizza', 'candy', 'dunkindonuts', 'dunkin', 'veggies', 'familygamenight', 'familygames', 'foodchallege', 'reflexchallenge', 'grabthecandy']",7462965804225678634,False,218973,28951,"{'sink': False, 'type': 1, 'vote': False, 'warn': True, 'content': 'Participating in this activity could result in you or others getting hurt.'}",4244
83,[],1566630,"[{'hashtag_description': '', 'hashtag_id': 9189, 'hashtag_name': 'candy'}, {'hashtag_description': '', 'hashtag_id': 5927789, 'hashtag_name': 'valentinesdaygift'}, {'hashtag_description': '', 'hashtag_id': 2556710, 'hashtag_name': 'familygames'}, {'hashtag_description': 'Asla bir sonraki hamleni bilmelerine izin verme! üëÄ', 'hashtag_id': 1652484531221509, 'hashtag_name': 'xyzbca'}, {'hashtag_name': 'ValentinesDay', 'hashtag_description': 'Post E-commerce Short Videos with #valentinesday during the Campaign Period and top ranked creators by total accumulated Short Video GMV will be eligible to receive up to $100 voucher rewards issued by TikTok Platform between 10th-14th February 2025.', 'hashtag_id': 10313}, {'hashtag_name': 'valentinesdaycandy', 'hashtag_description': '', 'hashtag_id': 6483854}]",7462556223054629678,izzyandmarysdad,Grab the Valentine's Day Candy 2 #ValentinesDay  #valentinesdaycandy #candy #valentinesdaygift #familygames #xyzbca,1737511785,US,"['candy', 'valentinesday', 'familygames', 'valentinesdaygift', 'valentinesdaycandy', 'xyzbca']",7462556170507636011,False,74970,4619,"{'sink': False, 'type': 0, 'vote': False, 'warn': False, 'content': ''}",1564
80,[],5926118,"[{'hashtag_description': '', 'hashtag_id': 1626226436860933, 'hashtag_name': 'crumbl'}, {'hashtag_description': '', 'hashtag_id': 7140422876850552875, 'hashtag_name': 'crumbcookiesoftheweek'}, {'hashtag_description': '', 'hashtag_id': 1615694772357125, 'hashtag_name': 'crumblecookie'}, {'hashtag_description': '', 'hashtag_id': 694209, 'hashtag_name': 'crumble'}, {'hashtag_description': '', 'hashtag_id': 2556710, 'hashtag_name': 'familygames'}, {'hashtag_name': 'zxycba', 'hashtag_description': '', 'hashtag_id': 1653412736454661}]",7462190023857703723,izzyandmarysdad,Grab the Crumbl Cookie #crumbl #crumbcookiesoftheweek #crumblecookie #crumble #familygames #zxycba,1737426518,US,"['crumble', 'familygames', 'crumblecookie', 'crumbl', 'zxycba', 'crumbcookiesoftheweek']",7462189938172349739,False,422921,37229,"{'content': '', 'sink': False, 'type': 0, 'vote': False, 'warn': False}",6949
117,[],3760256,"[{'hashtag_description': 'Asla bir sonraki hamleni bilmelerine izin verme! üëÄ', 'hashtag_id': 1652484531221509, 'hashtag_name': 'xyzbca'}, {'hashtag_description': 'Post E-commerce Short Videos with #valentinesday during the Campaign Period and top ranked creators by total accumulated Short Video GMV will be eligible to receive up to $100 voucher rewards issued by TikTok Platform between 10th-14th February 2025.', 'hashtag_id': 10313, 'hashtag_name': 'ValentinesDay'}, {'hashtag_description': '', 'hashtag_id': 6483854, 'hashtag_name': 'valentinesdaycandy'}, {'hashtag_description': '', 'hashtag_id': 9189, 'hashtag_name': 'candy'}, {'hashtag_description': '', 'hashtag_id': 5927789, 'hashtag_name': 'valentinesdaygift'}, {'hashtag_description': '', 'hashtag_id': 2556710, 'hashtag_name': 'familygames'}]",7461839008730237742,izzyandmarysdad,Grab the Valentine‚Äôs Day Candy #valentinesday #valentinesdaycandy #candy #valentinesdaygift #familygames #xyzbca ,1737344797,US,"['candy', 'valentinesday', 'familygames', 'valentinesdaygift', 'valentinesdaycandy', 'xyzbca']",7461839026530782510,False,218292,19509,"{'content': '', 'sink': False, 'type': 0, 'vote': False, 'warn': False}",6433
8,[],1461452,"[{'hashtag_name': 'FamilyGameNight', 'hashtag_description': ""Whether it's desktop, table top, or old school, what are you playing for #FamilyGameNight?"", 'hashtag_id': 287421}, {'hashtag_description': 'Asla bir sonraki hamleni bilmelerine izin verme! üëÄ', 'hashtag_id': 1652484531221509, 'hashtag_name': 'xyzbca'}, {'hashtag_description': '', 'hashtag_id': 83551683, 'hashtag_name': 'tiktokisback'}, {'hashtag_description': '', 'hashtag_id': 381223, 'hashtag_name': 'wereback'}, {'hashtag_description': '', 'hashtag_id': 2556710, 'hashtag_name': 'familygames'}]",6917567518227826689,izzyandmarysdad,That was the longest 10 hours of our life #tiktokisback #wereback #familygames #familygamenight #xyzbca ,1737317824,US,"['familygamenight', 'wereback', 'familygames', 'tiktokisback', 'xyzbca']",7461723162653265198,False,58078,5361,"{'content': '', 'sink': False, 'type': 0, 'vote': False, 'warn': False}",2276
113,[],6058109,"[{'hashtag_description': '¬°Feliz d√≠a del taco! Que no se te olvide preparar tu #taco favorito!!  üåÆüåÆüåÆ', 'hashtag_id': 83644, 'hashtag_name': 'taco'}, {'hashtag_name': 'burrito', 'hashtag_description': '', 'hashtag_id': 137274}, {'hashtag_description': 'From satisfying cheese pulls to gourmet dishes, show us your favourite cheesy recipes üßÄ', 'hashtag_id': 23351, 'hashtag_name': 'Cheese'}, {'hashtag_description': '', 'hashtag_id': 2556710, 'hashtag_name': 'familygames'}, {'hashtag_description': '', 'hashtag_id': 85049182, 'hashtag_name': 'tacobellqween'}, {'hashtag_description': 'Asla bir sonraki hamleni bilmelerine izin verme! üëÄ', 'hashtag_id': 1652484531221509, 'hashtag_name': 'xyzbca'}, {'hashtag_description': '', 'hashtag_id': 36031, 'hashtag_name': 'tacobell'}]",7461119253253557034,izzyandmarysdad,Grab the Taco Bell challenge #tacobell #taco #burrito #cheese #familygames #tacobellqween #xyzbca ,1737176012,US,"['cheese', 'tacobell', 'taco', 'burrito', 'familygames', 'tacobellqween', 'xyzbca']",7461114125280906542,False,538561,58835,"{'content': '', 'sink': False, 'type': 0, 'vote': False, 'warn': False}",7816
62,[],3838760,"[{'hashtag_name': 'cyzbca', 'hashtag_description': '', 'hashtag_id': 1653820576082949}, {'hashtag_name': 'Cake', 'hashtag_description': 'Tempting cakes and easy bakes', 'hashtag_id': 8101}, {'hashtag_id': 41790, 'hashtag_name': 'cakecakecake', 'hashtag_description': ''}, {'hashtag_description': 'Are you up to Sabrina Carpenter‚Äôs #CakeChallenge? Tell us what your favorite cake it for the chance to get featured.', 'hashtag_id': 799780, 'hashtag_name': 'cakechallenge'}, {'hashtag_name': 'Cupcake', 'hashtag_description': 'I like you, have a cupcake!', 'hashtag_id': 16831}, {'hashtag_description': '', 'hashtag_id': 44104, 'hashtag_name': 'cakes'}, {'hashtag_description': '', 'hashtag_id': 2556710, 'hashtag_name': 'familygames'}]",7460737762686143275,izzyandmarysdad,Grab the Cake Challenge #cake #cakecakecake #cakechallenge #cupcake #cakes #familygames #cyzbca ,1737088382,US,"['cake', 'cupcake', 'cakecakecake', 'cakes', 'cakechallenge', 'familygames', 'cyzbca']",7460737746252926251,False,322624,33454,"{'content': '', 'sink': False, 'type': 0, 'vote': False, 'warn': False}",5690
186,[],14885213,"[{'hashtag_description': '', 'hashtag_id': 2556710, 'hashtag_name': 'familygames'}, {'hashtag_description': ""What's so #Funny?"", 'hashtag_id': 5424, 'hashtag_name': 'Funny'}, {'hashtag_id': 1652831841402886, 'hashtag_name': 'zyxbca', 'hashtag_description': ''}, {'hashtag_description': '', 'hashtag_id': 72906, 'hashtag_name': 'veggies'}, {'hashtag_description': '', 'hashtag_id': 3510831, 'hashtag_name': 'vegatables'}, {'hashtag_description': ""Whether it's desktop, table top, or old school, what are you playing for #FamilyGameNight?"", 'hashtag_id': 287421, 'hashtag_name': 'FamilyGameNight'}]",7460370715007666987,izzyandmarysdad,Grab the Veggies #veggies #vegatables #familygamenight #familygames #funny #zyxbca,1737002928,US,"['funny', 'veggies', 'familygamenight', 'familygames', 'vegatables', 'zyxbca']",7460370715632618795,False,1428448,94640,"{'content': '', 'sink': False, 'type': 0, 'vote': False, 'warn': False}",11904
160,[],1105221,"[{'hashtag_id': 101584, 'hashtag_name': 'costco', 'hashtag_description': ''}, {'hashtag_description': '', 'hashtag_id': 18929008, 'hashtag_name': 'costcohaul'}, {'hashtag_description': 'From your daily routine to traveling, show us your #Vlog.üíé‚ú®üíïüíÅüéµüëèüéâüìù', 'hashtag_id': 292874, 'hashtag_name': 'Vlog'}, {'hashtag_description': 'Asla bir sonraki hamleni bilmelerine izin verme! üëÄ', 'hashtag_id': 1652484531221509, 'hashtag_name': 'xyzbca'}]",7460198233239751467,izzyandmarysdad,Random Costco Shopping Trip #costco #costcohaul #vlog #xyzbca ,1736962765,US,"['costco', 'vlog', 'costcohaul', 'xyzbca']",7460198237509569838,False,37672,696,"{'content': '', 'sink': False, 'type': 0, 'vote': False, 'warn': False}",408
81,[],1712157,"[{'hashtag_id': 1653412736454661, 'hashtag_name': 'zxycba', 'hashtag_description': ''}, {'hashtag_id': 101584, 'hashtag_name': 'costco', 'hashtag_description': ''}, {'hashtag_description': '', 'hashtag_id': 1645872072243205, 'hashtag_name': 'costcofoodcourt'}, {'hashtag_description': '', 'hashtag_id': 1649127573520389, 'hashtag_name': 'costcofinds'}, {'hashtag_description': '', 'hashtag_id': 7347890260916830250, 'hashtag_name': 'dubblechunkchocolatecookie'}, {'hashtag_description': '', 'hashtag_id': 2556710, 'hashtag_name': 'familygames'}]",7459991019233217326,izzyandmarysdad,Grab the Costco Food Court Items #costco #costcofoodcourt #costcofinds #dubblechunkchocolatecookie ##familygames##zxycba,1736914519,US,"['costco', 'familygames', 'costcofoodcourt', 'costcofinds', 'zxycba', 'dubblechunkchocolatecookie']",7459991006646340910,False,93065,12428,"{'content': '', 'sink': False, 'type': 0, 'vote': False, 'warn': False}",2962
61,[],3447630,"[{'hashtag_description': '', 'hashtag_id': 2556710, 'hashtag_name': 'familygames'}, {'hashtag_description': '', 'hashtag_id': 1653412736454661, 'hashtag_name': 'zxycba'}, {'hashtag_description': '', 'hashtag_id': 1626226436860933, 'hashtag_name': 'crumbl'}, {'hashtag_name': 'crumbcookiesoftheweek', 'hashtag_description': '', 'hashtag_id': 7140422876850552875}, {'hashtag_description': '', 'hashtag_id': 1615694772357125, 'hashtag_name': 'crumblecookie'}, {'hashtag_description': '', 'hashtag_id': 694209, 'hashtag_name': 'crumble'}]",7459615010990410539,izzyandmarysdad,Grab the Crumbl Cookie #crumbl #crumbcookiesoftheweek #crumblecookie #crumble #familygames #zxycba,1736826973,US,"['crumble', 'familygames', 'crumblecookie', 'crumbl', 'zxycba', 'crumbcookiesoftheweek']",7459615007966498094,False,152348,13791,"{'content': '', 'sink': False, 'type': 0, 'vote': False, 'warn': False}",2648
44,[],716409,"[{'hashtag_description': '', 'hashtag_id': 2556710, 'hashtag_name': 'familygames'}, {'hashtag_name': 'SquidGame2', 'hashtag_description': '', 'hashtag_id': 7010411581884334107}, {'hashtag_description': '', 'hashtag_id': 7454243066241613866, 'hashtag_name': 'squidgame2roblox'}, {'hashtag_description': '', 'hashtag_id': 237815, 'hashtag_name': 'mingle'}, {'hashtag_id': 7459467736683397166, 'hashtag_name': 'maryandizzygaming', 'hashtag_description': ''}, {'hashtag_id': 16057, 'hashtag_name': 'Gaming', 'hashtag_description': ""Stock up on extra lives, because we're celebrating the #Gaming community. Show us what you're playing, where you play, and your top recommendations!""}]",7459470231426190123,izzyandmarysdad,We made a brand new Gaming Channel #MaryandIzzygaming be the first ones to subscribe!! Link in bio ‚ù§Ô∏è‚ù§Ô∏è #gaming #familygames #squidgame2 #squidgame2roblox #mingle,1736793271,US,"['gaming', 'mingle', 'familygames', 'squidgame2', 'squidgame2roblox', 'maryandizzygaming']",7459470245133045035,False,9503,608,"{'content': '', 'sink': False, 'type': 0, 'vote': False, 'warn': False}",430
99,[],1145948,"[{'hashtag_description': '', 'hashtag_id': 2556710, 'hashtag_name': 'familygames'}, {'hashtag_description': '', 'hashtag_id': 7869857, 'hashtag_name': 'foodchallege'}, {'hashtag_id': 7091482964428603438, 'hashtag_name': 'ninjacreamirecipe', 'hashtag_description': ''}, {'hashtag_description': '', 'hashtag_id': 657564, 'hashtag_name': 'yesornochallenge'}, {'hashtag_id': 10040, 'hashtag_name': 'IceCream', 'hashtag_description': 'Where are all the icecream lovers at? Show us your best homemade icecream recipes yet!üç¶'}, {'hashtag_description': '', 'hashtag_id': 12374, 'hashtag_name': 'ninja'}, {'hashtag_description': '', 'hashtag_id': 1705639321084933, 'hashtag_name': 'ninjacreami'}, {'hashtag_description': '', 'hashtag_id': 21269, 'hashtag_name': 'yesorno'}]",7459256465973660462,izzyandmarysdad,Ninja Creami Ice cream Challenge  #icecream #ninjacreami #ninjacreamirecipe #yesorno #yesornochallenge #ninja #familygames #foodchallege,1736743495,US,"['icecream', 'ninja', 'yesorno', 'yesornochallenge', 'familygames', 'foodchallege', 'ninjacreami', 'ninjacreamirecipe']",7459256468081020202,False,36553,980,"{'content': '', 'sink': False, 'type': 0, 'vote': False, 'warn': False}",484
75,[],6503364,"[{'hashtag_id': 2006, 'hashtag_name': 'game', 'hashtag_description': ''}, {'hashtag_description': '', 'hashtag_id': 20718560, 'hashtag_name': 'foodgame'}, {'hashtag_name': 'familygames', 'hashtag_description': '', 'hashtag_id': 2556710}, {'hashtag_description': ""Whether it's desktop, table top, or old school, what are you playing for #FamilyGameNight?"", 'hashtag_id': 287421, 'hashtag_name': 'FamilyGameNight'}, {'hashtag_description': '', 'hashtag_id': 1653412736454661, 'hashtag_name': 'zxycba'}]",7070342176609274629,izzyandmarysdad,Funny game #game #foodgame #familygames #familygamenight #zxycba ,1736656361,US,"['game', 'familygamenight', 'familygames', 'foodgame', 'zxycba']",7458882232103587114,False,517449,3151,"{'content': '', 'sink': False, 'type': 0, 'vote': False, 'warn': False}",2062
102,[],2106316,"[{'hashtag_description': '', 'hashtag_id': 744084, 'hashtag_name': 'gushers'}, {'hashtag_description': '', 'hashtag_id': 7869857, 'hashtag_name': 'foodchallege'}, {'hashtag_description': '', 'hashtag_id': 1668332713575430, 'hashtag_name': 'shaqalicious'}, {'hashtag_id': 7458510754925248554, 'hashtag_name': 'protein20?', 'hashtag_description': ''}, {'hashtag_description': '', 'hashtag_id': 581144, 'hashtag_name': 'haribo'}, {'hashtag_description': '', 'hashtag_id': 2556710, 'hashtag_name': 'familygames'}, {'hashtag_description': ""Whether it's desktop, table top, or old school, what are you playing for #FamilyGameNight?"", 'hashtag_id': 287421, 'hashtag_name': 'FamilyGameNight'}, {'hashtag_description': 'Test your reflexes using #ReflexChallenge', 'hashtag_id': 12731079, 'hashtag_name': 'ReflexChallenge'}, {'hashtag_description': '', 'hashtag_id': 1668672518185990, 'hashtag_name': 'grabthecandy'}, {'hashtag_description': '', 'hashtag_id': 9189, 'hashtag_name': 'candy'}]",7458513103660190510,izzyandmarysdad,Grab the Candy stuck together #grabthecandy #candy #shaqalicious #gushers #protein20?#haribo#familygames #familygamenight #reflexchallenge #foodchallege,1736570418,US,"['candy', 'familygamenight', 'haribo', 'gushers', 'familygames', 'foodchallege', 'reflexchallenge', 'shaqalicious', 'grabthecandy', 'protein20?']",7458513114053545259,False,103615,11271,"{'type': 0, 'vote': False, 'warn': False, 'content': '', 'sink': False}",2578
166,[],2103341,"[{'hashtag_name': 'droepper', 'hashtag_description': '', 'hashtag_id': 15640252}, {'hashtag_description': '', 'hashtag_id': 7078, 'hashtag_name': 'soda'}, {'hashtag_description': '', 'hashtag_id': 5187331, 'hashtag_name': 'sodachallange'}, {'hashtag_name': 'familygames', 'hashtag_description': '', 'hashtag_id': 2556710}, {'hashtag_name': 'FamilyGameNight', 'hashtag_description': ""Whether it's desktop, table top, or old school, what are you playing for #FamilyGameNight?"", 'hashtag_id': 287421}]",7458332137209514794,izzyandmarysdad,Match the Dr. Pepper #droepper #soda #sodachallange #familygames #familygamenight ,1736528279,us,"['soda', 'familygamenight', 'familygames', 'sodachallange', 'droepper']",7458332118607875374,False,92952,1335,"{'content': '', 'sink': False, 'type': 0, 'vote': False, 'warn': False}",1202
94,[],1421884,"[{'hashtag_description': '', 'hashtag_id': 36031, 'hashtag_name': 'tacobell'}, {'hashtag_id': 43454, 'hashtag_name': 'burgerking', 'hashtag_description': ''}, {'hashtag_id': 43382, 'hashtag_name': 'wendys', 'hashtag_description': ''}, {'hashtag_description': '', 'hashtag_id': 35128, 'hashtag_name': 'drpepper'}, {'hashtag_name': 'foodchallenge', 'hashtag_description': '', 'hashtag_id': 121807}, {'hashtag_description': '', 'hashtag_id': 748071, 'hashtag_name': 'sodachallenge'}, {'hashtag_name': 'mcdonalds', 'hashtag_description': '', 'hashtag_id': 29762}, {'hashtag_description': '', 'hashtag_id': 86608, 'hashtag_name': 'chickfila'}, {'hashtag_description': 'Asla bir sonraki hamleni bilmelerine izin verme! üëÄ', 'hashtag_id': 1652484531221509, 'hashtag_name': 'xyzbca'}, {'hashtag_description': '', 'hashtag_id': 2556710, 'hashtag_name': 'familygames'}]",7458139453551577902,izzyandmarysdad,Dr. Pepper Blind taste test #drpepper #sodachallenge #foodchallenge #mcdonalds #tacobell #burgerking #wendys #chickfila #familygames #xyzbca ,1736483418,us,"['mcdonalds', 'drpepper', 'tacobell', 'wendys', 'burgerking', 'chickfila', 'foodchallenge', 'sodachallenge', 'familygames', 'xyzbca']",7458139463311494443,False,60883,7543,"{'content': '', 'sink': False, 'type': 0, 'vote': False, 'warn': False}",1081
112,[],1751004,"[{'hashtag_description': '', 'hashtag_id': 2556710, 'hashtag_name': 'familygames'}, {'hashtag_description': 'Asla bir sonraki hamleni bilmelerine izin verme! üëÄ', 'hashtag_id': 1652484531221509, 'hashtag_name': 'xyzbca'}, {'hashtag_description': '', 'hashtag_id': 92572, 'hashtag_name': 'popeyes'}, {'hashtag_description': '', 'hashtag_id': 1642346880929797, 'hashtag_name': 'popeyeschickensandwich'}, {'hashtag_description': '', 'hashtag_id': 3384968, 'hashtag_name': 'popeyeschicken'}, {'hashtag_description': ""Whether it's desktop, table top, or old school, what are you playing for #FamilyGameNight?"", 'hashtag_id': 287421, 'hashtag_name': 'FamilyGameNight'}]",7457726829525322539,izzyandmarysdad,Run for Popeyes Chicken #popeyes #popeyeschickensandwich #popeyeschicken #familygamenight #familygames #xyzbca ,1736387350,us,"['popeyes', 'familygamenight', 'familygames', 'popeyeschicken', 'popeyeschickensandwich', 'xyzbca']",7457726855131745582,False,71599,12336,"{'type': 0, 'vote': False, 'warn': False, 'content': '', 'sink': False}",2961
87,[],918929,"[{'hashtag_description': '', 'hashtag_id': 2556710, 'hashtag_name': 'familygames'}, {'hashtag_description': '', 'hashtag_id': 7396120798026530846, 'hashtag_name': 'imakethefaceyoumakethesoundchallenge'}, {'hashtag_name': 'xyzbca', 'hashtag_description': 'Asla bir sonraki hamleni bilmelerine izin verme! üëÄ', 'hashtag_id': 1652484531221509}, {'hashtag_description': '', 'hashtag_id': 7381995193014157342, 'hashtag_name': 'imakethefaceyoumakethesound'}, {'hashtag_description': ""What's so #Funny?"", 'hashtag_id': 5424, 'hashtag_name': 'Funny'}, {'hashtag_description': '', 'hashtag_id': 36919773, 'hashtag_name': 'familygamesnight'}]",7457386513992944430,izzyandmarysdad,I make the face you make the sound #imakethefaceyoumakethesound #funny #familygamesnight #familygames #imakethefaceyoumakethesoundchallenge #xyzbca ,1736308109,us,"['funny', 'familygames', 'familygamesnight', 'xyzbca', 'imakethefaceyoumakethesound', 'imakethefaceyoumakethesoundchallenge']",7457386498300677422,False,16781,924,"{'warn': False, 'content': '', 'sink': False, 'type': 0, 'vote': False}",421
155,[],9004996,"[{'hashtag_description': '', 'hashtag_id': 7140422876850552875, 'hashtag_name': 'crumbcookiesoftheweek'}, {'hashtag_id': 1615694772357125, 'hashtag_name': 'crumblecookie', 'hashtag_description': ''}, {'hashtag_description': '', 'hashtag_id': 694209, 'hashtag_name': 'crumble'}, {'hashtag_description': '', 'hashtag_id': 2556710, 'hashtag_name': 'familygames'}, {'hashtag_description': '', 'hashtag_id': 1653412736454661, 'hashtag_name': 'zxycba'}, {'hashtag_description': '', 'hashtag_id': 1626226436860933, 'hashtag_name': 'crumbl'}]",7457010324013648686,izzyandmarysdad,Run for the Crumbl Cookie #crumbl #crumbcookiesoftheweek #crumblecookie #crumble #familygames #zxycba,1736220524,us,"['crumble', 'familygames', 'crumblecookie', 'crumbl', 'zxycba', 'crumbcookiesoftheweek']",7457010335191649582,False,523758,75887,"{'warn': False, 'content': '', 'sink': False, 'type': 0, 'vote': False}",12017
219,[],2275438,"[{'hashtag_description': '', 'hashtag_id': 4405183, 'hashtag_name': 'rosca'}, {'hashtag_description': '', 'hashtag_id': 47128244, 'hashtag_name': 'roscadereyes'}, {'hashtag_description': ""There's no time like #FamilyTime."", 'hashtag_id': 11510, 'hashtag_name': 'FamilyTime'}, {'hashtag_description': '', 'hashtag_id': 2556710, 'hashtag_name': 'familygames'}, {'hashtag_description': ""Whether it's desktop, table top, or old school, what are you playing for #FamilyGameNight?"", 'hashtag_id': 287421, 'hashtag_name': 'FamilyGameNight'}]",7456992086833154859,izzyandmarysdad,Rosca De Reyes #rosca #roscadereyes #familytime #familygames #familygamenight ,1736216273,us,"['familytime', 'familygamenight', 'familygames', 'rosca', 'roscadereyes']",7456992074118745390,False,79122,1474,"{'vote': False, 'warn': False, 'content': '', 'sink': False, 'type': 0}",845
86,[],2345170,"[{'hashtag_description': '', 'hashtag_id': 19011, 'hashtag_name': 'challenge'}, {'hashtag_description': 'Asla bir sonraki hamleni bilmelerine izin verme! üëÄ', 'hashtag_id': 1652484531221509, 'hashtag_name': 'xyzbca'}, {'hashtag_description': '', 'hashtag_id': 14565621, 'hashtag_name': 'stayinthebox'}, {'hashtag_description': 'Gather the family for some awesome family games or show us how you have fun together! üë®\u200düë©\u200düë¶\u200düë¶', 'hashtag_id': 12510, 'hashtag_name': 'FamilyFun'}, {'hashtag_description': '', 'hashtag_id': 1653669701262341, 'hashtag_name': 'zybca'}, {'hashtag_description': 'Are you down for some #GameTime?', 'hashtag_id': 43694, 'hashtag_name': 'GameTime'}, {'hashtag_description': '', 'hashtag_id': 120860, 'hashtag_name': 'siblingfun'}, {'hashtag_description': '', 'hashtag_id': 7456650341023825966, 'hashtag_name': 'martchinthenox'}, {'hashtag_description': ""Whether it's desktop, table top, or old school, what are you playing for #FamilyGameNight?"", 'hashtag_id': 287421, 'hashtag_name': 'FamilyGameNight'}]",6899785489486710786,izzyandmarysdad,This is harder than it looks‚Ä¶ #stayinthebox #martchinthenox #c#challengefamilygames #familygamenight #xyzbca #F#FamilyFung#gametime#s#siblingfunrivalry #zybca ,1736137005,us,"['familyfun', 'challenge', 'gametime', 'siblingfun', 'familygamenight', 'stayinthebox', 'xyzbca', 'zybca', 'martchinthenox']",7456651610278743342,False,107032,6468,"{'vote': False, 'warn': False, 'content': '', 'sink': False, 'type': 0}",2253
63,[],8878269,"[{'hashtag_name': 'familygames', 'hashtag_description': '', 'hashtag_id': 2556710}, {'hashtag_description': ""Whether it's desktop, table top, or old school, what are you playing for #FamilyGameNight?"", 'hashtag_id': 287421, 'hashtag_name': 'FamilyGameNight'}, {'hashtag_description': 'Test your reflexes using #ReflexChallenge', 'hashtag_id': 12731079, 'hashtag_name': 'ReflexChallenge'}, {'hashtag_description': '', 'hashtag_id': 7869857, 'hashtag_name': 'foodchallege'}, {'hashtag_description': '', 'hashtag_id': 1668672518185990, 'hashtag_name': 'grabthecandy'}, {'hashtag_description': '', 'hashtag_id': 9189, 'hashtag_name': 'candy'}, {'hashtag_description': '', 'hashtag_id': 197839, 'hashtag_name': 'skittles'}]",7456297196217420587,izzyandmarysdad,Grab the Candy #grabthecandy #candy #skittles #familygames  #familygamenight #reflexchallenge #foodchallege,1736054488,us,"['candy', 'skittles', 'familygamenight', 'familygames', 'foodchallege', 'reflexchallenge', 'grabthecandy']",7456297201338436910,False,505325,52840,"{'content': '', 'sink': False, 'type': 0, 'vote': False, 'warn': False}",11651
93,[],13087328,"[{'hashtag_description': '', 'hashtag_id': 2556710, 'hashtag_name': 'familygames'}, {'hashtag_description': ""Whether it's desktop, table top, or old school, what are you playing for #FamilyGameNight?"", 'hashtag_id': 287421, 'hashtag_name': 'FamilyGameNight'}, {'hashtag_description': '', 'hashtag_id': 3337303, 'hashtag_name': 'hoka'}, {'hashtag_description': 'Its International Friendship Day! Show us what you and your #Friends get up to and why you love them so much ‚ù§Ô∏è', 'hashtag_id': 5433, 'hashtag_name': 'Friends'}, {'hashtag_description': '', 'hashtag_id': 229207, 'hashtag_name': 'fyp'}, {'hashtag_description': '', 'hashtag_id': 21269, 'hashtag_name': 'yesorno'}, {'hashtag_description': '', 'hashtag_id': 657564, 'hashtag_name': 'yesornochallenge'}]",7455909818760071982,izzyandmarysdad,Yes or No challenge #yesorno #yesornochallenge #familygames #familygamenight #hoka #friends #fyp ,1735964291,us,"['friends', 'yesorno', 'fyp', 'familygamenight', 'yesornochallenge', 'familygames', 'hoka']",7455909819271204142,False,1076649,7686,"{'type': 0, 'vote': False, 'warn': False, 'content': '', 'sink': False}",2986
125,[],7012431,"[{'hashtag_description': 'Test your reflexes using #ReflexChallenge', 'hashtag_id': 12731079, 'hashtag_name': 'ReflexChallenge'}, {'hashtag_description': ""Whether it's desktop, table top, or old school, what are you playing for #FamilyGameNight?"", 'hashtag_id': 287421, 'hashtag_name': 'FamilyGameNight'}, {'hashtag_description': 'You want a pizza this? üçï', 'hashtag_id': 7090, 'hashtag_name': 'Pizza'}, {'hashtag_name': 'candy', 'hashtag_description': '', 'hashtag_id': 9189}, {'hashtag_description': '', 'hashtag_id': 1668672518185990, 'hashtag_name': 'grabthecandy'}, {'hashtag_id': 72906, 'hashtag_name': 'veggies', 'hashtag_description': ''}, {'hashtag_description': '', 'hashtag_id': 2556710, 'hashtag_name': 'familygames'}, {'hashtag_description': '', 'hashtag_id': 7869857, 'hashtag_name': 'foodchallege'}]",7455547765653932846,izzyandmarysdad,Grab the Random items #grabthecandy #familygames #veggies #candy #pizza #familygames #familygamenight #reflexchallenge #foodchallege,1735879995,us,"['pizza', 'candy', 'veggies', 'familygamenight', 'familygames', 'foodchallege', 'reflexchallenge', 'grabthecandy']",7455547757995167022,False,553850,80763,"{'type': 0, 'vote': False, 'warn': False, 'content': '', 'sink': False}",13501
22,['Disney Parks'],1036182,"[{'hashtag_name': 'magickey', 'hashtag_description': '', 'hashtag_id': 1193318}, {'hashtag_description': '', 'hashtag_id': 8284, 'hashtag_name': 'disney'}, {'hashtag_description': '', 'hashtag_id': 1707110372450310, 'hashtag_name': 'magickeyholder'}, {'hashtag_description': '', 'hashtag_id': 791382, 'hashtag_name': 'disneyparks'}, {'hashtag_description': '', 'hashtag_id': 44895, 'hashtag_name': 'trend'}, {'hashtag_id': 7153, 'hashtag_name': 'disneyland', 'hashtag_description': ''}, {'hashtag_description': '¬°descubre las canciones en tendencia! üî•‚û°Ô∏è https://bit.ly/TendenciasTikTok_LATAM', 'hashtag_id': 20884, 'hashtag_name': 'Viral'}, {'hashtag_description': '', 'hashtag_id': 229207, 'hashtag_name': 'fyp'}]",6871251410047093505,izzyandmarysdad,Does anyone else check everyday to see if they magically un block them. Or is it just us??? #disneyland #magickey #trend #viral #fyp @Disney Parks #magickeyholder #disneyparks #disney ,1735860612,us,"['disneyland', 'disney', 'viral', 'trend', 'fyp', 'disneyparks', 'magickey', 'magickeyholder']",7455464511399595307,False,12362,347,"{'sink': False, 'type': 0, 'vote': False, 'warn': False, 'content': ''}",230
39,[],879120,"[{'hashtag_name': 'SquidGame', 'hashtag_description': 'Whether you‚Äôre watching plenty of fan theories or just trying to find the perfect dalgona recipe, we‚Äôre here for all things #SquidGame.', 'hashtag_id': 1620595800050694}, {'hashtag_name': 'squidgames', 'hashtag_description': '', 'hashtag_id': 1689728254233606}, {'hashtag_description': '', 'hashtag_id': 65243, 'hashtag_name': 'parati'}, {'hashtag_name': 'fypp', 'hashtag_description': '', 'hashtag_id': 1616966643636229}, {'hashtag_description': '', 'hashtag_id': 605919, 'hashtag_name': 'typ'}, {'hashtag_description': '', 'hashtag_id': 2898606, 'hashtag_name': 'topbigbang'}, {'hashtag_description': '', 'hashtag_id': 7009806084584144923, 'hashtag_name': 'squidgames2'}]",7453684346344540971,izzyandmarysdad,T.O.P. In the squid game be like #topbigbang #squidgames2 #squidgame #squidgames #parati #fypp #typ,1735853460,us,"['parati', 'typ', 'topbigbang', 'fypp', 'squidgame', 'squidgames', 'squidgames2']",7455433805248105774,False,7292,284,"{'vote': False, 'warn': False, 'content': '', 'sink': False, 'type': 0}",131
80,[],1882126,"[{'hashtag_description': '', 'hashtag_id': 1652813926146053, 'hashtag_name': 'xybca'}, {'hashtag_description': '', 'hashtag_id': 33534, 'hashtag_name': 'fruitsnacks'}, {'hashtag_id': 1668672518185990, 'hashtag_name': 'grabthecandy', 'hashtag_description': ''}, {'hashtag_description': '', 'hashtag_id': 7869857, 'hashtag_name': 'foodchallege'}]",7455165986459716394,izzyandmarysdad,Grab the fruit Snacks vs Veggies #fruitsnacks #grabthecandy #foodchallege #xybca ,1735791112,us,"['fruitsnacks', 'foodchallege', 'xybca', 'grabthecandy']",7455166020982983978,False,76678,5961,"{'content': '', 'sink': False, 'type': 0, 'vote': False, 'warn': False}",1776
143,[],1273681,[],7454836291572157230,izzyandmarysdad,,1735714343,us,[],7454836303365082414,False,36607,813,"{'content': '', 'sink': False, 'type': 0, 'vote': False, 'warn': False}",1244
